Workbook

Sheet Hướng dẫn
A1: BỘMẪU FREE — Tính LÃI THẬT (1 sàn: TikTok Shop)
A4: Bản MIỄN PHÍ — chỉ 1 sàn, 2 tab. Nhập đơn ở tab 'Nhập đơn', xem lãi ở tab 'Lãi thật'.
A5: Phí sàn gộp & thuế sửa ở khối cấu hình đầu tab 'Lãi thật'.
A6: Thuế = 1,5% (GTGT 1% + TNCN 0,5%, hàng hóa — MẪU, cần kế toán rà).
A7: Số phí là benchmark 2026, cần bạn xác minh. Dữ liệu đơn là ví dụ minh họa.
A9: NÂNG CẤP bản đầy đủ đa-sàn (TikTok Shop + Shopee) để có thêm: cấu hình đa-sàn,
A10: ĐỐI SOÁT tiền sàn thực về, và DASHBOARD tổng theo kênh/SKU. → landing BộMẫu.

Sheet Nhập đơn
A1: Nhập đơn (TikTok Shop)
A3: Mã đơn | B3: Ngày | C3: SKU | D3: SL | E3: Giá bán | F3: Giá vốn/SP | G3: Giảm giá (VND) | H3: Ads (VND)
A4: DH001 | B4: 01/07/2026 | C4: AO-THUN-DEN-M | D4: 2 | E4: 150000 | F4: 60000 | G4: 10000 | H4: 15000
A5: DH003 | B5: 02/07/2026 | C5: VAY-HOA-S | D5: 1 | E5: 219000 | F5: 85000 | G5: 15000 | H5: 30000
A6: DH006 | B6: 03/07/2026 | C6: QUAN-JEAN-29 | D6: 1 | E6: 299000 | F6: 140000 | G6: 0 | H6: 20000
A7: DH007 | B7: 04/07/2026 | C7: AO-THUN-DEN-M | D7: 1 | E7: 150000 | F7: 60000 | G7: 5000 | H7: 10000

Sheet Lãi thật
A1: LÃI THẬT / đơn (bản free 1 sàn)
A3: CẤU HÌNH (sửa theo shop của bạn)
A4: Phí sàn gộp % (hoa hồng + giao dịch) | B4: 0.185
A5: Phí xử lý đơn (VND/đơn) | B5: 3000
A6: Thuế GTGT % | B6: 0.01
A7: Thuế TNCN % | B7: 0.005
A10: Mã đơn | B10: Doanh thu | C10: Phí sàn gộp | D10: Phí xử lý | E10: Giá vốn | F10: Ads | G10: Thuế khoán | H10: LÃI THẬT | I10: Biên %
A11: ='Nhập đơn'!A4 | B11: ='Nhập đơn'!D4*'Nhập đơn'!E4-'Nhập đơn'!G4 | C11: =B11*$B$4 | D11: =$B$5 | E11: ='Nhập đơn'!D4*'Nhập đơn'!F4 | F11: ='Nhập đơn'!H4 | G11: =B11*($B$6+$B$7) | H11: =B11-C11-D11-E11-F11-G11 | I11: =IF(B11=0,"",H11/B11)
A12: ='Nhập đơn'!A5 | B12: ='Nhập đơn'!D5*'Nhập đơn'!E5-'Nhập đơn'!G5 | C12: =B12*$B$4 | D12: =$B$5 | E12: ='Nhập đơn'!D5*'Nhập đơn'!F5 | F12: ='Nhập đơn'!H5 | G12: =B12*($B$6+$B$7) | H12: =B12-C12-D12-E12-F12-G12 | I12: =IF(B12=0,"",H12/B12)
A13: ='Nhập đơn'!A6 | B13: ='Nhập đơn'!D6*'Nhập đơn'!E6-'Nhập đơn'!G6 | C13: =B13*$B$4 | D13: =$B$5 | E13: ='Nhập đơn'!D6*'Nhập đơn'!F6 | F13: ='Nhập đơn'!H6 | G13: =B13*($B$6+$B$7) | H13: =B13-C13-D13-E13-F13-G13 | I13: =IF(B13=0,"",H13/B13)
A14: ='Nhập đơn'!A7 | B14: ='Nhập đơn'!D7*'Nhập đơn'!E7-'Nhập đơn'!G7 | C14: =B14*$B$4 | D14: =$B$5 | E14: ='Nhập đơn'!D7*'Nhập đơn'!F7 | F14: ='Nhập đơn'!H7 | G14: =B14*($B$6+$B$7) | H14: =B14-C14-D14-E14-F14-G14 | I14: =IF(B14=0,"",H14/B14)
