Workbook

Sheet 0. Hướng dẫn
A1: BỘMẪU — Sheet Đối-soát & Tính LÃI THẬT đa-sàn (TikTok Shop + Shopee)
A4: BẮT ĐẦU 3 BƯỚC
A5: 1) Tab '1. Cấu hình phí': sửa % phí theo Kênh Người Bán THẬT của bạn (số đang điền là benchmark 2026).
A6: 2) Tab '2. Nhập đơn': dán đơn từ báo cáo sàn (xem 'CÁCH LẤY DỮ LIỆU' bên dưới). Xoá 8 dòng mẫu DH001–DH008.
A7: 3) Xem tab '5. Lãi thật' (lãi/lỗ từng đơn, lãi âm tô đỏ) và '6. Dashboard' (tổng theo kênh/SKU/trạng thái).
A9: CÁCH LẤY DỮ LIỆU (real-time / định kỳ)
A10: • TikTok Shop: Trung tâm Người Bán → Đơn hàng → Quản lý đơn → 'Xuất' (chọn khoảng ngày, tối đa 6 tháng, CSV).
A11: Đối soát tiền thật: Tài chính → Số dư/Đối soát (Settlement) → tải file giao dịch đã quyết toán.
A12: • Shopee: Kênh Người Bán → Tài chính → Báo Cáo Thu Nhập → 'Tải báo cáo thu nhập' (có Mã đơn, phí Shopee, phí VC, hoàn trả, doanh thu thực).
A13: • Tần suất gợi ý: cập nhật MỖI NGÀY (dán đơn mới) hoặc theo đợt quyết toán của sàn. Đây là cách 'real-time' thực tế cho hộ KD.
A14: • Nâng cao (tự động 100%): dùng Google Apps Script gọi API TikTok Shop / Shopee OpenAPI để tự kéo đơn về Sheet — cần lập trình, không bắt buộc ở bản này.
A16: CÁCH TÍNH THEO TRẠNG THÁI ĐƠN (quan trọng)
... A31: • Bản-quyền: file chỉ dùng hàm/định dạng bảng tính chuẩn — không asset bên thứ ba (bán được, sạch quyền).

Sheet 1. Cấu hình phí
A1: Cấu hình phí sàn & thuế
A2: Sửa theo tài khoản THẬT. % phí = benchmark 2026 cần xác minh.
A3: Kênh (Mã tra cứu) | B3: Sàn | C3: Loại | D3: Hoa hồng nền tảng % | E3: Phí giao dịch % | F3: Phí dịch vụ % | G3: Freeship Xtra % | H3: Voucher Xtra % | I3: Phí xử lý đơn (VND)
A4: TikTok Shop - Thường | B4: TikTok Shop | C4: Thường (Marketplace) | D4: 0.125 | E4: 0.06 | F4: 0 | G4: 0 | H4: 0 | I4: 3000
A5: TikTok Shop - Mall | B5: TikTok Shop | C5: Mall | D5: 0.155 | E5: 0.06 | F5: 0 | G5: 0 | H5: 0 | I5: 3000
A6: Shopee - Thường | B6: Shopee | C6: Thường | D6: 0.08 | E6: 0.05 | F6: 0.02 | G6: 0 | H6: 0 | I6: 0
A7: Shopee - Mall | B7: Shopee | C7: Shopee Mall | D7: 0.1 | E7: 0.05 | F7: 0.02 | G7: 0 | H7: 0 | I7: 0
A10: THAM SỐ CHUNG
A11: Phí COD (% giá trị COD, nếu ĐVVC thu) | B11: 0
A12: Thuế GTGT khoán (hàng hóa) | B12: 0.01
A13: Thuế TNCN khoán (hàng hóa) | B13: 0.005
A14: Tổng thuế khoán | B14: =B13+B14
A15: Ngưỡng miễn thuế/năm (cần kế toán xác minh) | B15: 1000000000
A17: Ghi chú: Hoa hồng nền tảng TikTok Shop tính trên doanh thu SAU giảm giá shop; theo ngành hàng có thể 1–5% (mục hoa hồng riêng) hoặc gói nền tảng ~12.5%/15.5% — kiểm theo Kênh Người Bán của bạn.

Sheet 2. Nhập đơn
A1: Nhập đơn (dán từ báo cáo TikTok Shop + Shopee)
A2: Xoá dòng mẫu, dán đơn thật. Cột Kênh/Trạng thái/COD chọn từ danh sách. Di chuột lên tiêu đề cột để xem chú thích.
A3: Mã đơn | B3: Ngày đặt | C3: Ngày hoàn tất | D3: Kênh | E3: Trạng thái | F3: SKU | G3: Tên sản phẩm | H3: SL | I3: Đơn giá niêm yết | J3: Giảm giá SHOP (VND) | K3: Voucher SÀN (VND) | L3: Giá vốn/SP | M3: Ship SHOP chịu (VND) | N3: Hoa hồng Affiliate % | O3: COD | P3: Tiền hoàn (VND) | Q3: Ads phân bổ (VND) | R3: Ghi chú
A4: DH001 | B4: 01/07/2026 | C4: 03/07/2026 | D4: TikTok Shop - Thường | E4: Hoàn thành | F4: AO-THUN-DEN-M | G4: Áo thun đen size M | H4: 2 | I4: 150000 | J4: 10000 | K4: 0 | L4: 60000 | M4: 0 | N4: 0 | O4: Không | P4: 0 | Q4: 15000
A5: DH002 | B5: 01/07/2026 | C5: 04/07/2026 | D5: Shopee - Thường | E5: Hoàn thành | F5: QUAN-JEAN-29 | G5: Quần jean nam 29 | H5: 1 | I5: 320000 | J5: 0 | K5: 20000 | L5: 140000 | M5: 0 | N5: 0 | O5: Có | P5: 0 | Q5: 25000 | R5: Voucher sàn 20k (sàn chịu, không trừ)
A6: DH003 | B6: 02/07/2026 | D6: TikTok Shop - Thường | E6: Đang giao | F6: VAY-HOA-S | G6: Váy hoa size S | H6: 1 | I6: 219000 | J6: 15000 | K6: 0 | L6: 85000 | M6: 20000 | N6: 0.05 | O6: Không | P6: 0 | Q6: 30000 | R6: Đơn qua affiliate KOC 5%; tạm tính
A7: DH004 | B7: 02/07/2026 | C7: 02/07/2026 | D7: Shopee - Thường | E7: Đã hủy | F7: AO-THUN-DEN-M | G7: Áo thun đen size M | H7: 3 | I7: 145000 | J7: 0 | K7: 0 | L7: 60000 | M7: 0 | N7: 0 | O7: Không | P7: 0 | Q7: 12000 | R7: Khách hủy trước khi giao — chỉ mất ads
A8: DH005 | B8: 03/07/2026 | C8: 06/07/2026 | D8: Shopee - Thường | E8: Trả hàng-Hoàn tiền | F8: GIAY-SNEAKER-40 | G8: Giày sneaker 40 | H8: 1 | I8: 450000 | J8: 30000 | K8: 0 | L8: 250000 | M8: 30000 | N8: 0 | O8: Có | P8: 0 | Q8: 40000 | R8: Trả hàng: mất ship 2 chiều + ads; hàng về kho
A9: DH006 | B9: 03/07/2026 | C9: 05/07/2026 | D9: TikTok Shop - Thường | E9: Hoàn 1 phần | F9: QUAN-JEAN-29 | G9: Quần jean nam 29 | H9: 1 | I9: 299000 | J9: 0 | K9: 0 | L9: 140000 | M9: 0 | N9: 0 | O9: Không | P9: 50000 | Q9: 20000 | R9: Hoàn 1 phần 50k (lỗi nhẹ, khách giữ hàng)
A10: DH007 | B10: 04/07/2026 | C10: 06/07/2026 | D10: TikTok Shop - Thường | E10: Hoàn thành | F10: AO-THUN-DEN-M | G10: Áo thun đen size M | H10: 1 | I10: 150000 | J10: 5000 | K10: 0 | L10: 60000 | M10: 0 | N10: 0 | O10: Có | P10: 0 | Q10: 10000
A11: DH008 | B11: 04/07/2026 | C11: 07/07/2026 | D11: Shopee - Thường | E11: Hoàn thành | F11: VAY-HOA-S | G11: Váy hoa size S | H11: 2 | I11: 219000 | J11: 10000 | K11: 0 | L11: 85000 | M11: 0 | N11: 0 | O11: Không | P11: 0 | Q11: 18000

Sheet 4. Đối soát
A1: Đối soát tiền sàn
A2: Nhập 'Tiền sàn THỰC nhận' (cột vàng) từ file Settlement/Thu nhập của sàn → bắt lệch.
A3: Mã đơn | B3: Kênh | C3: Trạng thái | D3: Tiền sàn 'lẽ ra' trả (lý thuyết) | E3: Tiền sàn THỰC nhận (nhập tay) | F3: Chênh lệch | G3: Cờ
A4: ='5. Lãi thật'!A4 | B4: ='5. Lãi thật'!B4 | C4: ='5. Lãi thật'!C4 | D4: ='5. Lãi thật'!D4-('5. Lãi thật'!E4+'5. Lãi thật'!F4+'5. Lãi thật'!G4+'5. Lãi thật'!I4) | E4: 228650 | F4: =IF(E4="","",E4-D4) | G4: =IF(E4="","(chưa nhập)",IF(ABS(E4-D4)<1000,"✓ Khớp","⚠ LỆCH"))
A5: ='5. Lãi thật'!A5 | B5: ='5. Lãi thật'!B5 | C5: ='5. Lãi thật'!C5 | D5: ='5. Lãi thật'!D5-('5. Lãi thật'!E5+'5. Lãi thật'!F5+'5. Lãi thật'!G5+'5. Lãi thật'!I5) | F5: =IF(E5="","",E5-D5) | G5: =IF(E5="","(chưa nhập)",IF(ABS(E5-D5)<1000,"✓ Khớp","⚠ LỆCH"))
A6: ='5. Lãi thật'!A6 | B6: ='5. Lãi thật'!B6 | C6: ='5. Lãi thật'!C6 | D6: ='5. Lãi thật'!D6-('5. Lãi thật'!E6+'5. Lãi thật'!F6+'5. Lãi thật'!G6+'5. Lãi thật'!I6) | F6: =IF(E6="","",E6-D6) | G6: =IF(E6="","(chưa nhập)",IF(ABS(E6-D6)<1000,"✓ Khớp","⚠ LỆCH"))
A7: ='5. Lãi thật'!A7 | B7: ='5. Lãi thật'!B7 | C7: ='5. Lãi thật'!C7 | D7: ='5. Lãi thật'!D7-('5. Lãi thật'!E7+'5. Lãi thật'!F7+'5. Lãi thật'!G7+'5. Lãi thật'!I7) | F7: =IF(E7="","",E7-D7) | G7: =IF(E7="","(chưa nhập)",IF(ABS(E7-D7)<1000,"✓ Khớp","⚠ LỆCH"))
A8: ='5. Lãi thật'!A8 | B8: ='5. Lãi thật'!B8 | C8: ='5. Lãi thật'!C8 | D8: ='5. Lãi thật'!D8-('5. Lãi thật'!E8+'5. Lãi thật'!F8+'5. Lãi thật'!G8+'5. Lãi thật'!I8) | F8: =IF(E8="","",E8-D8) | G8: =IF(E8="","(chưa nhập)",IF(ABS(E8-D8)<1000,"✓ Khớp","⚠ LỆCH"))
A9: ='5. Lãi thật'!A9 | B9: ='5. Lãi thật'!B9 | C9: ='5. Lãi thật'!C9 | D9: ='5. Lãi thật'!D9-('5. Lãi thật'!E9+'5. Lãi thật'!F9+'5. Lãi thật'!G9+'5. Lãi thật'!I9) | F9: =IF(E9="","",E9-D9) | G9: =IF(E9="","(chưa nhập)",IF(ABS(E9-D9)<1000,"✓ Khớp","⚠ LỆCH"))
A10: ='5. Lãi thật'!A10 | B10: ='5. Lãi thật'!B10 | C10: ='5. Lãi thật'!C10 | D10: ='5. Lãi thật'!D10-('5. Lãi thật'!E10+'5. Lãi thật'!F10+'5. Lãi thật'!G10+'5. Lãi thật'!I10) | F10: =IF(E10="","",E10-D10) | G10: =IF(E10="","(chưa nhập)",IF(ABS(E10-D10)<1000,"✓ Khớp","⚠ LỆCH"))
A11: ='5. Lãi thật'!A11 | B11: ='5. Lãi thật'!B11 | C11: ='5. Lãi thật'!C11 | D11: ='5. Lãi thật'!D11-('5. Lãi thật'!E11+'5. Lãi thật'!F11+'5. Lãi thật'!G11+'5. Lãi thật'!I11) | F11: =IF(E11="","",E11-D11) | G11: =IF(E11="","(chưa nhập)",IF(ABS(E11-D11)<1000,"✓ Khớp","⚠ LỆCH"))

Sheet 5. Lãi thật
A1: LÃI THẬT / đơn (tự tính theo trạng thái đơn)
A2: Không cần nhập gì. Thêm đơn ở tab Nhập đơn → kéo công thức xuống.
A3: Mã đơn | B3: Kênh | C3: Trạng thái | D3: Doanh thu ghi nhận | E3: Hoa hồng sàn | F3: Phí giao dịch | G3: Phí DV+Xtra | H3: Hoa hồng affiliate | I3: Phí xử lý | J3: Phí COD | K3: Ship shop chịu | L3: Giá vốn | M3: Ads | N3: Thuế khoán | O3: LÃI THẬT | P3: Biên %
A4: ='2. Nhập đơn'!A4 | B4: ='2. Nhập đơn'!D4 | C4: ='2. Nhập đơn'!E4 | D4: =IF(OR('2. Nhập đơn'!E4="Đã hủy",'2. Nhập đơn'!E4="Trả hàng-Hoàn tiền"),0,IF('2. Nhập đơn'!E4="Hoàn 1 phần",'2. Nhập đơn'!H4*'2. Nhập đơn'!I4-'2. Nhập đơn'!J4-'2. Nhập đơn'!P4,'2. Nhập đơn'!H4*'2. Nhập đơn'!I4-'2. Nhập đơn'!J4)) | E4: =D4*VLOOKUP(B4,'1. Cấu hình phí'!$A$4:$I$7,4,FALSE) | F4: =D4*VLOOKUP(B4,'1. Cấu hình phí'!$A$4:$I$7,5,FALSE) | G4: =D4*(VLOOKUP(B4,'1. Cấu hình phí'!$A$4:$I$7,6,FALSE)+VLOOKUP(B4,'1. Cấu hình phí'!$A$4:$I$7,7,FALSE)+VLOOKUP(B4,'1. Cấu hình phí'!$A$4:$I$7,8,FALSE)) | H4: =D4*'2. Nhập đơn'!N4 | I4: =IF(D4>0,VLOOKUP(B4,'1. Cấu hình phí'!$A$4:$I$7,9,FALSE),0) | J4: =IF(AND('2. Nhập đơn'!O4="Có",D4>0),D4*'1. Cấu hình phí'!$B$12,0) | K4: =IF('2. Nhập đơn'!E4="Đã hủy",0,'2. Nhập đơn'!M4) | L4: =IF(OR('2. Nhập đơn'!E4="Đã hủy",'2. Nhập đơn'!E4="Trả hàng-Hoàn tiền"),0,'2. Nhập đơn'!H4*'2. Nhập đơn'!L4) | M4: ='2. Nhập đơn'!Q4 | N4: =D4*('1. Cấu hình phí'!$B$13+'1. Cấu hình phí'!$B$14) | O4: =D4-E4-F4-G4-H4-I4-J4-K4-L4-M4-N4 | P4: =IF(D4=0,"",O4/D4)
A5: ='2. Nhập đơn'!A5 | B5: ='2. Nhập đơn'!D5 | C5: ='2. Nhập đơn'!E5 | D5: =IF(OR('2. Nhập đơn'!E5="Đã hủy",'2. Nhập đơn'!E5="Trả hàng-Hoàn tiền"),0,IF('2. Nhập đơn'!E5="Hoàn 1 phần",'2. Nhập đơn'!H5*'2. Nhập đơn'!I5-'2. Nhập đơn'!J5-'2. Nhập đơn'!P5,'2. Nhập đơn'!H5*'2. Nhập đơn'!I5-'2. Nhập đơn'!J5)) | E5: =D5*VLOOKUP(B5,'1. Cấu hình phí'!$A$4:$I$7,4,FALSE) | F5: =D5*VLOOKUP(B5,'1. Cấu hình phí'!$A$4:$I$7,5,FALSE) | G5: =D5*(VLOOKUP(B5,'1. Cấu hình phí'!$A$4:$I$7,6,FALSE)+VLOOKUP(B5,'1. Cấu hình phí'!$A$4:$I$7,7,FALSE)+VLOOKUP(B5,'1. Cấu hình phí'!$A$4:$I$7,8,FALSE)) | H5: =D5*'2. Nhập đơn'!N5 | I5: =IF(D5>0,VLOOKUP(B5,'1. Cấu hình phí'!$A$4:$I$7,9,FALSE),0) | J5: =IF(AND('2. Nhập đơn'!O5="Có",D5>0),D5*'1. Cấu hình phí'!$B$12,0) | K5: =IF('2. Nhập đơn'!E5="Đã hủy",0,'2. Nhập đơn'!M5) | L5: =IF(OR('2. Nhập đơn'!E5="Đã hủy",'2. Nhập đơn'!E5="Trả hàng-Hoàn tiền"),0,'2. Nhập đơn'!H5*'2. Nhập đơn'!L5) | M5: ='2. Nhập đơn'!Q5 | N5: =D5*('1. Cấu hình phí'!$B$13+'1. Cấu hình phí'!$B$14) | O5: =D5-E5-F5-G5-H5-I5-J5-K5-L5-M5-N5 | P5: =IF(D5=0,"",O5/D5)
A6: ='2. Nhập đơn'!A6 | B6: ='2. Nhập đơn'!D6 | C6: ='2. Nhập đơn'!E6 | D6: =IF(OR('2. Nhập đơn'!E6="Đã hủy",'2. Nhập đơn'!E6="Trả hàng-Hoàn tiền"),0,IF('2. Nhập đơn'!E6="Hoàn 1 phần",'2. Nhập đơn'!H6*'2. Nhập đơn'!I6-'2. Nhập đơn'!J6-'2. Nhập đơn'!P6,'2. Nhập đơn'!H6*'2. Nhập đơn'!I6-'2. Nhập đơn'!J6)) | E6: =D6*VLOOKUP(B6,'1. Cấu hình phí'!$A$4:$I$7,4,FALSE) | F6: =D6*VLOOKUP(B6,'1. Cấu hình phí'!$A$4:$I$7,5,FALSE) | G6: =D6*(VLOOKUP(B6,'1. Cấu hình phí'!$A$4:$I$7,6,FALSE)+VLOOKUP(B6,'1. Cấu hình phí'!$A$4:$I$7,7,FALSE)+VLOOKUP(B6,'1. Cấu hình phí'!$A$4:$I$7,8,FALSE)) | H6: =D6*'2. Nhập đơn'!N6 | I6: =IF(D6>0,VLOOKUP(B6,'1. Cấu hình phí'!$A$4:$I$7,9,FALSE),0) | J6: =IF(AND('2. Nhập đơn'!O6="Có",D6>0),D6*'1. Cấu hình phí'!$B$12,0) | K6: =IF('2. Nhập đơn'!E6="Đã hủy",0,'2. Nhập đơn'!M6) | L6: =IF(OR('2. Nhập đơn'!E6="Đã hủy",'2. Nhập đơn'!E6="Trả hàng-Hoàn tiền"),0,'2. Nhập đơn'!H6*'2. Nhập đơn'!L6) | M6: ='2. Nhập đơn'!Q6 | N6: =D6*('1. Cấu hình phí'!$B$13+'1. Cấu hình phí'!$B$14) | O6: =D6-E6-F6-G6-H6-I6-J6-K6-L6-M6-N6 | P6: =IF(D6=0,"",O6/D6)
A7: ='2. Nhập đơn'!A7 | B7: ='2. Nhập đơn'!D7 | C7: ='2. Nhập đơn'!E7 | D7: =IF(OR('2. Nhập đơn'!E7="Đã hủy",'2. Nhập đơn'!E7="Trả hàng-Hoàn tiền"),0,IF('2. Nhập đơn'!E7="Hoàn 1 phần",'2. Nhập đơn'!H7*'2. Nhập đơn'!I7-'2. Nhập đơn'!J7-'2. Nhập đơn'!P7,'2. Nhập đơn'!H7*'2. Nhập đơn'!I7-'2. Nhập đơn'!J7)) | E7: =D7*VLOOKUP(B7,'1. Cấu hình phí'!$A$4:$I$7,4,FALSE) | F7: =D7*VLOOKUP(B7,'1. Cấu hình phí'!$A$4:$I$7,5,FALSE) | G7: =D7*(VLOOKUP(B7,'1. Cấu hình phí'!$A$4:$I$7,6,FALSE)+VLOOKUP(B7,'1. Cấu hình phí'!$A$4:$I$7,7,FALSE)+VLOOKUP(B7,'1. Cấu hình phí'!$A$4:$I$7,8,FALSE)) | H7: =D7*'2. Nhập đơn'!N7 | I7: =IF(D7>0,VLOOKUP(B7,'1. Cấu hình phí'!$A$4:$I$7,9,FALSE),0) | J7: =IF(AND('2. Nhập đơn'!O7="Có",D7>0),D7*'1. Cấu hình phí'!$B$12,0) | K7: =IF('2. Nhập đơn'!E7="Đã hủy",0,'2. Nhập đơn'!M7) | L7: =IF(OR('2. Nhập đơn'!E7="Đã hủy",'2. Nhập đơn'!E7="Trả hàng-Hoàn tiền"),0,'2. Nhập đơn'!H7*'2. Nhập đơn'!L7) | M7: ='2. Nhập đơn'!Q7 | N7: =D7*('1. Cấu hình phí'!$B$13+'1. Cấu hình phí'!$B$14) | O7: =D7-E7-F7-G7-H7-I7-J7-K7-L7-M7-N7 | P7: =IF(D7=0,"",O7/D7)
A8: ='2. Nhập đơn'!A8 | B8: ='2. Nhập đơn'!D8 | C8: ='2. Nhập đơn'!E8 | D8: =IF(OR('2. Nhập đơn'!E8="Đã hủy",'2. Nhập đơn'!E8="Trả hàng-Hoàn tiền"),0,IF('2. Nhập đơn'!E8="Hoàn 1 phần",'2. Nhập đơn'!H8*'2. Nhập đơn'!I8-'2. Nhập đơn'!J8-'2. Nhập đơn'!P8,'2. Nhập đơn'!H8*'2. Nhập đơn'!I8-'2. Nhập đơn'!J8)) | E8: =D8*VLOOKUP(B8,'1. Cấu hình phí'!$A$4:$I$7,4,FALSE) | F8: =D8*VLOOKUP(B8,'1. Cấu hình phí'!$A$4:$I$7,5,FALSE) | G8: =D8*(VLOOKUP(B8,'1. Cấu hình phí'!$A$4:$I$7,6,FALSE)+VLOOKUP(B8,'1. Cấu hình phí'!$A$4:$I$7,7,FALSE)+VLOOKUP(B8,'1. Cấu hình phí'!$A$4:$I$7,8,FALSE)) | H8: =D8*'2. Nhập đơn'!N8 | I8: =IF(D8>0,VLOOKUP(B8,'1. Cấu hình phí'!$A$4:$I$7,9,FALSE),0) | J8: =IF(AND('2. Nhập đơn'!O8="Có",D8>0),D8*'1. Cấu hình phí'!$B$12,0) | K8: =IF('2. Nhập đơn'!E8="Đã hủy",0,'2. Nhập đơn'!M8) | L8: =IF(OR('2. Nhập đơn'!E8="Đã hủy",'2. Nhập đơn'!E8="Trả hàng-Hoàn tiền"),0,'2. Nhập đơn'!H8*'2. Nhập đơn'!L8) | M8: ='2. Nhập đơn'!Q8 | N8: =D8*('1. Cấu hình phí'!$B$13+'1. Cấu hình phí'!$B$14) | O8: =D8-E8-F8-G8-H8-I8-J8-K8-L8-M8-N8 | P8: =IF(D8=0,"",O8/D8)
A9: ='2. Nhập đơn'!A9 | B9: ='2. Nhập đơn'!D9 | C9: ='2. Nhập đơn'!E9 | D9: =IF(OR('2. Nhập đơn'!E9="Đã hủy",'2. Nhập đơn'!E9="Trả hàng-Hoàn tiền"),0,IF('2. Nhập đơn'!E9="Hoàn 1 phần",'2. Nhập đơn'!H9*'2. Nhập đơn'!I9-'2. Nhập đơn'!J9-'2. Nhập đơn'!P9,'2. Nhập đơn'!H9*'2. Nhập đơn'!I9-'2. Nhập đơn'!J9)) | E9: =D9*VLOOKUP(B9,'1. Cấu hình phí'!$A$4:$I$7,4,FALSE) | F9: =D9*VLOOKUP(B9,'1. Cấu hình phí'!$A$4:$I$7,5,FALSE) | G9: =D9*(VLOOKUP(B9,'1. Cấu hình phí'!$A$4:$I$7,6,FALSE)+VLOOKUP(B9,'1. Cấu hình phí'!$A$4:$I$7,7,FALSE)+VLOOKUP(B9,'1. Cấu hình phí'!$A$4:$I$7,8,FALSE)) | H9: =D9*'2. Nhập đơn'!N9 | I9: =IF(D9>0,VLOOKUP(B9,'1. Cấu hình phí'!$A$4:$I$7,9,FALSE),0) | J9: =IF(AND('2. Nhập đơn'!O9="Có",D9>0),D9*'1. Cấu hình phí'!$B$12,0) | K9: =IF('2. Nhập đơn'!E9="Đã hủy",0,'2. Nhập đơn'!M9) | L9: =IF(OR('2. Nhập đơn'!E9="Đã hủy",'2. Nhập đơn'!E9="Trả hàng-Hoàn tiền"),0,'2. Nhập đơn'!H9*'2. Nhập đơn'!L9) | M9: ='2. Nhập đơn'!Q9 | N9: =D9*('1. Cấu hình phí'!$B$13+'1. Cấu hình phí'!$B$14) | O9: =D9-E9-F9-G9-H9-I9-J9-K9-L9-M9-N9 | P9: =IF(D9=0,"",O9/D9)
A10: ='2. Nhập đơn'!A10 | B10: ='2. Nhập đơn'!D10 | C10: ='2. Nhập đơn'!E10 | D10: =IF(OR('2. Nhập đơn'!E10="Đã hủy",'2. Nhập đơn'!E10="Trả hàng-Hoàn tiền"),0,IF('2. Nhập đơn'!E10="Hoàn 1 phần",'2. Nhập đơn'!H10*'2. Nhập đơn'!I10-'2. Nhập đơn'!J10-'2. Nhập đơn'!P10,'2. Nhập đơn'!H10*'2. Nhập đơn'!I10-'2. Nhập đơn'!J10)) | E10: =D10*VLOOKUP(B10,'1. Cấu hình phí'!$A$4:$I$7,4,FALSE) | F10: =D10*VLOOKUP(B10,'1. Cấu hình phí'!$A$4:$I$7,5,FALSE) | G10: =D10*(VLOOKUP(B10,'1. Cấu hình phí'!$A$4:$I$7,6,FALSE)+VLOOKUP(B10,'1. Cấu hình phí'!$A$4:$I$7,7,FALSE)+VLOOKUP(B10,'1. Cấu hình phí'!$A$4:$I$7,8,FALSE)) | H10: =D10*'2. Nhập đơn'!N10 | I10: =IF(D10>0,VLOOKUP(B10,'1. Cấu hình phí'!$A$4:$I$7,9,FALSE),0) | J10: =IF(AND('2. Nhập đơn'!O10="Có",D10>0),D10*'1. Cấu hình phí'!$B$12,0) | K10: =IF('2. Nhập đơn'!E10="Đã hủy",0,'2. Nhập đơn'!M10) | L10: =IF(OR('2. Nhập đơn'!E10="Đã hủy",'2. Nhập đơn'!E10="Trả hàng-Hoàn tiền"),0,'2. Nhập đơn'!H10*'2. Nhập đơn'!L10) | M10: ='2. Nhập đơn'!Q10 | N10: =D10*('1. Cấu hình phí'!$B$13+'1. Cấu hình phí'!$B$14) | O10: =D10-E10-F10-G10-H10-I10-J10-K10-L10-M10-N10 | P10: =IF(D10=0,"",O10/D10)
A11: ='2. Nhập đơn'!A11 | B11: ='2. Nhập đơn'!D11 | C11: ='2. Nhập đơn'!E11 | D11: =IF(OR('2. Nhập đơn'!E11="Đã hủy",'2. Nhập đơn'!E11="Trả hàng-Hoàn tiền"),0,IF('2. Nhập đơn'!E11="Hoàn 1 phần",'2. Nhập đơn'!H11*'2. Nhập đơn'!I11-'2. Nhập đơn'!J11-'2. Nhập đơn'!P11,'2. Nhập đơn'!H11*'2. Nhập đơn'!I11-'2. Nhập đơn'!J11)) | E11: =D11*VLOOKUP(B11,'1. Cấu hình phí'!$A$4:$I$7,4,FALSE) | F11: =D11*VLOOKUP(B11,'1. Cấu hình phí'!$A$4:$I$7,5,FALSE) | G11: =D11*(VLOOKUP(B11,'1. Cấu hình phí'!$A$4:$I$7,6,FALSE)+VLOOKUP(B11,'1. Cấu hình phí'!$A$4:$I$7,7,FALSE)+VLOOKUP(B11,'1. Cấu hình phí'!$A$4:$I$7,8,FALSE)) | H11: =D11*'2. Nhập đơn'!N11 | I11: =IF(D11>0,VLOOKUP(B11,'1. Cấu hình phí'!$A$4:$I$7,9,FALSE),0) | J11: =IF(AND('2. Nhập đơn'!O11="Có",D11>0),D11*'1. Cấu hình phí'!$B$12,0) | K11: =IF('2. Nhập đơn'!E11="Đã hủy",0,'2. Nhập đơn'!M11) | L11: =IF(OR('2. Nhập đơn'!E11="Đã hủy",'2. Nhập đơn'!E11="Trả hàng-Hoàn tiền"),0,'2. Nhập đơn'!H11*'2. Nhập đơn'!L11) | M11: ='2. Nhập đơn'!Q11 | N11: =D11*('1. Cấu hình phí'!$B$13+'1. Cấu hình phí'!$B$14) | O11: =D11-E11-F11-G11-H11-I11-J11-K11-L11-M11-N11 | P11: =IF(D11=0,"",O11/D11)

Sheet 6. Dashboard
A1: Dashboard — tổng quan lãi thật
A3: Tổng doanh thu ghi nhận | B3: =SUM('5. Lãi thật'!D4:D11)
A4: Tổng LÃI THẬT | B4: =SUM('5. Lãi thật'!O4:O11)
A5: Tổng chi Ads | B5: =SUM('5. Lãi thật'!M4:M11)
A6: Biên trung bình | B6: =IF(SUM('5. Lãi thật'!D4:D11)=0,"",SUM('5. Lãi thật'!O4:O11)/SUM('5. Lãi thật'!D4:D11))
A7: Số đơn LÃI | B7: =COUNTIF('5. Lãi thật'!O4:O11,">0")
A8: Số đơn LỖ / âm | B8: =COUNTIF('5. Lãi thật'!O4:O11,"<0")
A10: Theo KÊNH
A11: TikTok Shop - Thường | B11: =SUMIF('5. Lãi thật'!B4:B11,A11,'5. Lãi thật'!O4:O11)
A12: Shopee - Thường | B12: =SUMIF('5. Lãi thật'!B4:B11,A12,'5. Lãi thật'!O4:O11)
A14: Theo TRẠNG THÁI (số đơn)
A15: Hoàn thành | B15: =COUNTIF('5. Lãi thật'!C4:C11,A15)
A16: Đang giao | B16: =COUNTIF('5. Lãi thật'!C4:C11,A16)
A17: Đã hủy | B17: =COUNTIF('5. Lãi thật'!C4:C11,A17)
A18: Trả hàng-Hoàn tiền | B18: =COUNTIF('5. Lãi thật'!C4:C11,A18)
A19: Hoàn 1 phần | B19: =COUNTIF('5. Lãi thật'!C4:C11,A19)
A21: Theo SKU (lãi thật)
A22: AO-THUN-DEN-M | B22: =SUMIFS('5. Lãi thật'!O4:O11,'2. Nhập đơn'!F4:F11,A22)
A23: QUAN-JEAN-29 | B23: =SUMIFS('5. Lãi thật'!O4:O11,'2. Nhập đơn'!F4:F11,A23)
A24: VAY-HOA-S | B24: =SUMIFS('5. Lãi thật'!O4:O11,'2. Nhập đơn'!F4:F11,A24)
A25: GIAY-SNEAKER-40 | B25: =SUMIFS('5. Lãi thật'!O4:O11,'2. Nhập đơn'!F4:F11,A25)
A27: * Số từ dữ liệu MINH HỌA — thay bằng đơn thật của bạn.
